time_utc_iso,twl_ft_mllw,tide_ft_mllw,surge_ft,src_time
2026-02-25T06:00:00.000Z,4.667,3.83,0.6,202602250600
2026-02-25T07:00:00.000Z,4.929,4.172,0.5,202602250700
2026-02-25T08:00:00.000Z,4.598,4.109,0.5,202602250800
2026-02-25T09:00:00.000Z,3.958,3.685,0.5,202602250900
2026-02-25T10:00:00.000Z,3.119,3.018,0.5,202602251000
2026-02-25T11:00:00.000Z,2.21,2.22,0.4,202602251100
2026-02-25T12:00:00.000Z,1.371,1.36,0.2,202602251200
2026-02-25T13:00:00.000Z,0.718,0.619,0.2,202602251300
2026-02-25T14:00:00.000Z,0.478,0.316,0.2,202602251400
2026-02-25T15:00:00.000Z,0.941,0.569,0.1,202602251500
2026-02-25T16:00:00.000Z,1.361,1.164,0.1,202602251600
2026-02-25T17:00:00.000Z,1.967,1.858,0.1,202602251700
2026-02-25T18:00:00.000Z,2.66,2.505,0.1,202602251800
2026-02-25T19:00:00.000Z,3.109,2.937,0.1,202602251900
2026-02-25T20:00:00.000Z,3.007,3.004,0.1,202602252000
2026-02-25T21:00:00.000Z,2.64,2.688,0.1,202602252100
2026-02-25T22:00:00.000Z,2.148,2.102,0.1,202602252200
2026-02-25T23:00:00.000Z,1.6,1.413,0.1,202602252300
2026-02-26T00:00:00.000Z,1.02,0.737,0.1,202602260000
2026-02-26T01:00:00.000Z,0.439,0.188,0.1,202602260100
2026-02-26T02:00:00.000Z,0.35,0.007,0.1,202602260200
2026-02-26T03:00:00.000Z,0.898,0.383,0.1,202602260300
2026-02-26T04:00:00.000Z,1.869,1.177,0.1,202602260400
2026-02-26T05:00:00.000Z,2.807,2.098,0.1,202602260500
2026-02-26T06:00:00.000Z,3.837,2.98,0.2,202602260600
2026-02-26T07:00:00.000Z,4.628,3.711,0.2,202602260700
2026-02-26T08:00:00.000Z,5.018,4.146,0.2,202602260800
2026-02-26T09:00:00.000Z,4.887,4.198,0.2,202602260900
2026-02-26T10:00:00.000Z,4.257,3.877,0.2,202602261000
2026-02-26T11:00:00.000Z,3.539,3.265,0.2,202602261100
2026-02-26T12:00:00.000Z,2.65,2.452,0.3,202602261200
2026-02-26T13:00:00.000Z,1.849,1.513,0.3,202602261300
2026-02-26T14:00:00.000Z,1.2,0.669,0.3,202602261400
2026-02-26T15:00:00.000Z,0.928,0.268,0.3,202602261500
2026-02-26T16:00:00.000Z,1.338,0.43,0.3,202602261600
2026-02-26T17:00:00.000Z,1.958,0.963,0.3,202602261700
2026-02-26T18:00:00.000Z,2.63,1.655,0.4,202602261800
2026-02-26T19:00:00.000Z,3.368,2.361,0.4,202602261900
2026-02-26T20:00:00.000Z,3.847,2.887,0.4,202602262000
2026-02-26T21:00:00.000Z,3.968,3.061,0.4,202602262100
2026-02-26T22:00:00.000Z,3.558,2.837,0.4,202602262200
2026-02-26T23:00:00.000Z,3.06,2.304,0.4,202602262300
2026-02-27T00:00:00.000Z,2.387,1.618,0.4,202602270000
2026-02-27T01:00:00.000Z,1.689,0.887,0.4,202602270100
2026-02-27T02:00:00.000Z,1.02,0.242,0.5,202602270200
2026-02-27T03:00:00.000Z,0.898,-0.035,0.5,202602270300
2026-02-27T04:00:00.000Z,1.489,0.255,0.5,202602270400
2026-02-27T05:00:00.000Z,2.22,0.979,0.5,202602270500
2026-02-27T06:00:00.000Z,3.138,1.88,0.5,202602270600
2026-02-27T07:00:00.000Z,4.07,2.815,0.5,202602270700
2026-02-27T08:00:00.000Z,4.818,3.65,0.5,202602270800
2026-02-27T09:00:00.000Z,5.257,4.203,0.5,202602270900
2026-02-27T10:00:00.000Z,5.247,4.35,0.5,202602271000
2026-02-27T11:00:00.000Z,4.759,4.075,0.5,202602271100
2026-02-27T12:00:00.000Z,3.998,3.46,0.5,202602271200
2026-02-27T13:00:00.000Z,3.04,2.586,0.5,202602271300
2026-02-27T14:00:00.000Z,2.109,1.537,0.5,202602271400
2026-02-27T15:00:00.000Z,1.361,0.583,0.5,202602271500
2026-02-27T16:00:00.000Z,0.97,0.111,0.5,202602271600
2026-02-27T17:00:00.000Z,1.2,0.233,0.5,202602271700
2026-02-27T18:00:00.000Z,1.81,0.767,0.5,202602271800
2026-02-27T19:00:00.000Z,2.587,1.525,0.5,202602271900
2026-02-27T20:00:00.000Z,3.358,2.348,0.5,202602272000
2026-02-27T21:00:00.000Z,3.978,2.999,0.5,202602272100
2026-02-27T22:00:00.000Z,4.267,3.264,0.5,202602272200
2026-02-27T23:00:00.000Z,3.919,3.08,0.5,202602272300
2026-02-28T00:00:00.000Z,3.23,2.547,0.5,202602280000
2026-02-28T01:00:00.000Z,2.499,1.818,0.5,202602280100
2026-02-28T02:00:00.000Z,1.669,0.986,0.5,202602280200
2026-02-28T03:00:00.000Z,0.888,0.215,0.5,202602280300
2026-02-28T04:00:00.000Z,0.478,-0.158,0.5,202602280400
2026-02-28T05:00:00.000Z,0.941,0.074,0.5,202602280500
2026-02-28T06:00:00.000Z,1.758,0.77,0.5,202602280600
2026-02-28T07:00:00.000Z,2.719,1.703,0.5,202602280700
2026-02-28T08:00:00.000Z,3.86,2.737,0.5,202602280800
2026-02-28T09:00:00.000Z,4.749,3.692,0.5,202602280900
2026-02-28T10:00:00.000Z,5.277,4.329,0.5,202602281000
2026-02-28T11:00:00.000Z,5.369,4.502,0.5,202602281100
2026-02-28T12:00:00.000Z,4.949,4.21,0.5,202602281200
2026-02-28T13:00:00.000Z,4.218,3.544,0.5,202602281300
2026-02-28T14:00:00.000Z,3.168,2.574,0.5,202602281400
2026-02-28T15:00:00.000Z,2.177,1.403,0.5,202602281500
2026-02-28T16:00:00.000Z,1.328,0.371,0.5,202602281600
2026-02-28T17:00:00.000Z,0.79,-0.11,0.5,202602281700
2026-02-28T18:00:00.000Z,1.079,0.041,0.5,202602281800
2026-02-28T19:00:00.000Z,1.79,0.646,0.5,202602281900
2026-02-28T20:00:00.000Z,2.62,1.532,0.5,202602282000
2026-02-28T21:00:00.000Z,3.519,2.499,0.5,202602282100
2026-02-28T22:00:00.000Z,4.139,3.247,0.5,202602282200
2026-02-28T23:00:00.000Z,4.559,3.542,0.5,202602282300
2026-03-01T00:00:00.000Z,4.29,3.343,0.6,202603010000
2026-03-01T01:00:00.000Z,3.568,2.769,0.6,202603010100
2026-03-01T02:00:00.000Z,2.597,1.956,0.6,202603010200
2026-03-01T03:00:00.000Z,1.649,0.994,0.6,202603010300
2026-03-01T04:00:00.000Z,0.849,0.106,0.6,202603010400
2026-03-01T05:00:00.000Z,0.439,-0.32,0.6,202603010500
2026-03-01T06:00:00.000Z,0.908,-0.096,0.6,202603010600
2026-03-01T07:00:00.000Z,1.699,0.626,0.6,202603010700
2026-03-01T08:00:00.000Z,2.82,1.643,0.6,202603010800
2026-03-01T09:00:00.000Z,3.958,2.793,0.6,202603010900
2026-03-01T10:00:00.000Z,4.959,3.825,0.6,202603011000
2026-03-01T11:00:00.000Z,5.487,4.467,0.6,202603011100
2026-03-01T12:00:00.000Z,5.628,4.593,0.6,202603011200
2026-03-01T13:00:00.000Z,5.198,4.231,0.6,202603011300
2026-03-01T14:00:00.000Z,4.398,3.474,0.6,202603011400
2026-03-01T15:00:00.000Z,3.319,2.386,0.6,202603011500
2026-03-01T16:00:00.000Z,2.191,1.121,0.5,202603011600
2026-03-01T17:00:00.000Z,1.22,0.082,0.5,202603011700
2026-03-01T18:00:00.000Z,0.6,-0.33,0.5,202603011800
2026-03-01T19:00:00.000Z,0.879,-0.072,0.5,202603011900
2026-03-01T20:00:00.000Z,1.849,0.671,0.5,202603012000
2026-03-01T21:00:00.000Z,2.84,1.714,0.6,202603012100
2026-03-01T22:00:00.000Z,3.827,2.789,0.6,202603012200
2026-03-01T23:00:00.000Z,4.539,3.562,0.6,202603012300
2026-03-02T00:00:00.000Z,4.808,3.821,0.6,202603020000
2026-03-02T01:00:00.000Z,4.539,3.562,0.5,202603020100
2026-03-02T02:00:00.000Z,3.729,2.908,0.5,202603020200
2026-03-02T03:00:00.000Z,2.689,1.983,0.5,202603020300
2026-03-02T04:00:00.000Z,1.669,0.899,0.5,202603020400
2026-03-02T05:00:00.000Z,0.76,-0.056,0.5,202603020500
2026-03-02T06:00:00.000Z,0.18,-0.471,0.5,202603020600
2026-03-02T07:00:00.000Z,0.56,-0.19,0.5,202603020700
2026-03-02T08:00:00.000Z,1.508,0.618,0.5,202603020800
2026-03-02T09:00:00.000Z,2.63,1.742,0.5,202603020900
2026-03-02T10:00:00.000Z,3.827,2.967,0.5,202603021000
2026-03-02T11:00:00.000Z,4.818,3.992,0.5,202603021100
2026-03-02T12:00:00.000Z,5.329,4.559,0.5,202603021200
2026-03-02T13:00:00.000Z,5.354,4.579,0.5,202603021300
2026-03-02T14:00:00.000Z,4.882,4.102,0.5,202603021400
2026-03-02T15:00:00.000Z,4.013,3.227,0.5,202603021500
2026-03-02T16:00:00.000Z,2.929,2.038,0.6,202603021600
2026-03-02T17:00:00.000Z,1.64,0.744,0.6,202603021700
2026-03-02T18:00:00.000Z,0.689,-0.212,0.6,202603021800
2026-03-02T19:00:00.000Z,0.439,-0.467,0.6,202603021900
2026-03-02T20:00:00.000Z,0.881,-0.03,0.6,202603022000
2026-03-02T21:00:00.000Z,1.802,0.885,0.6,202603022100
2026-03-02T22:00:00.000Z,2.971,2.049,0.6,202603022200
2026-03-02T23:00:00.000Z,3.98,3.153,0.5,202603022300
2026-03-03T00:00:00.000Z,4.706,3.874,0.5,202603030000
2026-03-03T01:00:00.000Z,4.876,4.044,0.5,202603030100
2026-03-03T02:00:00.000Z,4.515,3.683,0.5,202603030200
2026-03-03T03:00:00.000Z,3.751,2.919,0.5,202603030300
2026-03-03T04:00:00.000Z,2.614,1.882,0.4,202603030400
2026-03-03T05:00:00.000Z,1.451,0.719,0.4,202603030500
2026-03-03T06:00:00.000Z,0.503,-0.229,0.4,202603030600
2026-03-03T07:00:00.000Z,0.179,-0.553,0.4,202603030700
2026-03-03T08:00:00.000Z,0.586,-0.146,0.4,202603030800
2026-03-03T09:00:00.000Z,1.511,0.779,0.4,202603030900
2026-03-03T10:00:00.000Z,2.711,1.979,0.4,202603031000
2026-03-03T11:00:00.000Z,3.93,3.198,0.4,202603031100
2026-03-03T12:00:00.000Z,4.865,4.133,0.4,202603031200
2026-03-03T13:00:00.000Z,5.295,4.563,0.4,202603031300
2026-03-03T14:00:00.000Z,5.06,4.428,0.3,202603031400
2026-03-03T15:00:00.000Z,4.438,3.806,0.3,202603031500
2026-03-03T16:00:00.000Z,3.45,2.818,0.3,202603031600
2026-03-03T17:00:00.000Z,2.212,1.58,0.3,202603031700
2026-03-03T18:00:00.000Z,0.978,0.346,0.3,202603031800
2026-03-03T19:00:00.000Z,0.204,-0.428,0.3,202603031900
2026-03-03T20:00:00.000Z,0.191,-0.441,0.3,202603032000
2026-03-03T21:00:00.000Z,0.843,0.211,0.3,202603032100
2026-03-03T22:00:00.000Z,1.9,1.268,0.3,202603032200
2026-03-03T23:00:00.000Z,3.106,2.474,0.3,202603032300
2026-03-04T00:00:00.000Z,4.155,3.523,0.3,202603040000
2026-03-04T01:00:00.000Z,4.662,4.13,0.2,202603040100
2026-03-04T02:00:00.000Z,4.694,4.162,0.2,202603040200
2026-03-04T03:00:00.000Z,4.195,3.663,0.2,202603040300
2026-03-04T04:00:00.000Z,3.316,2.784,0.2,202603040400
2026-03-04T05:00:00.000Z,2.201,1.669,0.2,202603040500
2026-03-04T06:00:00.000Z,1.027,0.495,0.2,202603040600
2026-03-04T07:00:00.000Z,0.072,-0.36,0.1,202603040700
2026-03-04T08:00:00.000Z,-0.078,-0.51,0.1,202603040800
2026-03-04T09:00:00.000Z,0.494,0.062,0.1,202603040900
2026-03-04T10:00:00.000Z,1.514,1.082,0.1,202603041000
2026-03-04T11:00:00.000Z,2.72,2.288,0.1,202603041100
2026-03-04T12:00:00.000Z,3.756,3.424,0,202603041200
2026-03-04T13:00:00.000Z,4.539,4.207,0,202603041300
2026-03-04T14:00:00.000Z,4.78,4.448,0,202603041400
2026-03-04T15:00:00.000Z,4.457,4.125,0,202603041500
2026-03-04T16:00:00.000Z,3.69,3.358,0,202603041600
2026-03-04T17:00:00.000Z,2.633,2.301,0,202603041700
2026-03-04T18:00:00.000Z,1.421,1.089,0,202603041800
2026-03-04T19:00:00.000Z,0.346,0.014,0,202603041900
2026-03-04T20:00:00.000Z,-0.15,-0.482,0,202603042000
2026-03-04T21:00:00.000Z,0.123,-0.209,0,202603042100
2026-03-04T22:00:00.000Z,0.965,0.633,0,202603042200
2026-03-04T23:00:00.000Z,2.087,1.755,0,202603042300
2026-03-05T00:00:00.000Z,3.25,2.918,0,202603050000
2026-03-05T01:00:00.000Z,4.178,3.846,0,202603050100
2026-03-05T02:00:00.000Z,4.616,4.284,0,202603050200
2026-03-05T03:00:00.000Z,4.47,4.138,0,202603050300
2026-03-05T04:00:00.000Z,3.825,3.493,0,202603050400
2026-03-05T05:00:00.000Z,2.858,2.526,0,202603050500
2026-03-05T06:00:00.000Z,1.719,1.387,0,202603050600
2026-03-05T07:00:00.000Z,0.615,0.283,0,202603050700
2026-03-05T08:00:00.000Z,0.045,-0.387,0.1,202603050800
2026-03-05T09:00:00.000Z,0.121,-0.311,0.1,202603050900
2026-03-05T10:00:00.000Z,0.839,0.407,0.1,202603051000
2026-03-05T11:00:00.000Z,1.89,1.458,0.1,202603051100
2026-03-05T12:00:00.000Z,3.032,2.6,0.1,202603051200
2026-03-05T13:00:00.000Z,4.028,3.596,0.1,202603051300
2026-03-05T14:00:00.000Z,4.612,4.18,0.1,202603051400
2026-03-05T15:00:00.000Z,4.63,4.198,0.1,202603051500
2026-03-05T16:00:00.000Z,4.116,3.684,0.1,202603051600
2026-03-05T17:00:00.000Z,3.24,2.808,0.1,202603051700
2026-03-05T18:00:00.000Z,2.177,1.745,0.1,202603051800
2026-03-05T19:00:00.000Z,1.082,0.65,0.1,202603051900
2026-03-05T20:00:00.000Z,0.266,-0.166,0.1,202603052000
2026-03-05T21:00:00.000Z,0.103,-0.329,0.1,202603052100
2026-03-05T22:00:00.000Z,0.64,0.208,0.1,202603052200
2026-03-05T23:00:00.000Z,1.595,1.163,0.1,202603052300
2026-03-06T00:00:00.000Z,2.7,2.268,0.1,202603060000
2026-03-06T01:00:00.000Z,3.857,3.325,0.2,202603060100
2026-03-06T02:00:00.000Z,4.608,4.076,0.2,202603060200
2026-03-06T03:00:00.000Z,4.836,4.304,0.2,202603060300
2026-03-06T04:00:00.000Z,4.501,3.969,0.2,202603060400
2026-03-06T05:00:00.000Z,3.732,3.2,0.2,202603060500
2026-03-06T06:00:00.000Z,2.723,2.191,0.2,202603060600
2026-03-06T07:00:00.000Z,1.63,1.098,0.2,202603060700
2026-03-06T08:00:00.000Z,0.684,0.152,0.2,202603060800
2026-03-06T09:00:00.000Z,0.26,-0.272,0.2,202603060900
2026-03-06T10:00:00.000Z,0.648,0.016,0.3,202603061000
2026-03-06T11:00:00.000Z,1.452,0.82,0.3,202603061100
2026-03-06T12:00:00.000Z,2.469,1.837,0.3,202603061200
